{
    "class_metrics": {
        "0": {
            "f1": 0.895263071627602,
            "precision": 0.8357752190046287,
            "recall": 0.9638681784091411,
            "roc_auc": 0.9114110259756265
        },
        "1": {
            "f1": 0.7350762527233116,
            "precision": 0.8388861263053208,
            "recall": 0.6541295075610701,
            "roc_auc": 0.9673948996651349
        },
        "10": {
            "f1": 0.0,
            "precision": 0.0,
            "recall": 0.0,
            "roc_auc": 0.831337817883511
        },
        "11": {
            "f1": 0.0,
            "precision": 0.0,
            "recall": 0.0,
            "roc_auc": 0.48692031499864225
        },
        "2": {
            "f1": 0.5959645669291339,
            "precision": 0.729957805907173,
            "recall": 0.5035343035343035,
            "roc_auc": 0.9391247998378076
        },
        "3": {
            "f1": 0.15303430079155672,
            "precision": 0.8285714285714286,
            "recall": 0.08430232558139535,
            "roc_auc": 0.8329521844416743
        },
        "4": {
            "f1": 0.5406324379462768,
            "precision": 0.7227272727272728,
            "recall": 0.43183052688756113,
            "roc_auc": 0.900325771029926
        },
        "5": {
            "f1": 0.8133971291866029,
            "precision": 0.8669256920835356,
            "recall": 0.7660944206008584,
            "roc_auc": 0.9808986972386964
        },
        "6": {
            "f1": 0.06191950464396285,
            "precision": 0.8333333333333334,
            "recall": 0.03215434083601286,
            "roc_auc": 0.8527950638381709
        },
        "7": {
            "f1": 0.39080459770114945,
            "precision": 0.6296296296296297,
            "recall": 0.2833333333333333,
            "roc_auc": 0.9206580792148615
        },
        "8": {
            "f1": 0.042105263157894736,
            "precision": 0.13333333333333333,
            "recall": 0.025,
            "roc_auc": 0.8579198545421558
        },
        "9": {
            "f1": 0.0,
            "precision": 0.0,
            "recall": 0.0,
            "roc_auc": 0.7943742153926696
        }
    },
    "feature_importances": {
        "feature_0": 0.034330830175641404,
        "feature_1": 0.034861665372728376,
        "feature_10": 0.022991771134594424,
        "feature_11": 0.022527504165813464,
        "feature_12": 0.034901531551772086,
        "feature_13": 0.034288483452952455,
        "feature_14": 0.03278556101836508,
        "feature_15": 0.02803925261898032,
        "feature_16": 0.0344771152597268,
        "feature_17": 0.043786111042343846,
        "feature_18": 0.027461877968356266,
        "feature_19": 0.0259734109047488,
        "feature_2": 0.04050485791615518,
        "feature_20": 0.05758033978209949,
        "feature_21": 0.027530714753782062,
        "feature_22": 0.036184969988098566,
        "feature_23": 0.06354020379117412,
        "feature_24": 0.05151474249942107,
        "feature_25": 0.04092284287502022,
        "feature_26": 0.07371089588591996,
        "feature_27": 0.0,
        "feature_28": 0.0,
        "feature_29": 0.0,
        "feature_3": 0.03989789765621751,
        "feature_30": 0.0,
        "feature_31": 0.0,
        "feature_4": 0.035382471993397606,
        "feature_5": 0.03580675580178105,
        "feature_6": 0.03725731235104274,
        "feature_7": 0.03713825146326361,
        "feature_8": 0.02287934749111665,
        "feature_9": 0.023723281085486884
    },
    "metadata": {
        "classes": [
            "0",
            "1",
            "2",
            "3",
            "4",
            "5",
            "6",
            "7",
            "8",
            "9",
            "10",
            "11"
        ],
        "num_features": 32,
        "test_samples": 33148,
        "training_samples": 132591
    },
    "overall_metrics": {
        "accuracy": 0.8280137564860625,
        "f1_weighted": 0.8058031231631598,
        "precision_weighted": 0.8195744634154534,
        "recall_weighted": 0.8280137564860625
    }
}